1,カジノ法案 民進は反対へ,http://news.yahoo.co.jp/pickup/6222725,Thu\, 01 Dec 2016 13:37:27 +0900,yahoo/news/topics/6222725
2,終値は204円高 今年の最高値,http://news.yahoo.co.jp/pickup/6222751,Thu\, 01 Dec 2016 15:22:04 +0900,yahoo/news/topics/6222751
3,普天間騒音訴訟 国に賠償命令,http://news.yahoo.co.jp/pickup/6222747,Thu\, 01 Dec 2016 15:09:59 +0900,yahoo/news/topics/6222747
4,インターン「5日以上」撤廃へ,http://news.yahoo.co.jp/pickup/6222730,Thu\, 01 Dec 2016 15:09:59 +0900,yahoo/news/topics/6222730
5,千葉パルコ 従業員が見た最後,http://news.yahoo.co.jp/pickup/6222735,Thu\, 01 Dec 2016 14:18:26 +0900,yahoo/news/topics/6222735
6,巨人がDeNA山口との契約合意,http://news.yahoo.co.jp/pickup/6222742,Thu\, 01 Dec 2016 14:42:17 +0900,yahoo/news/topics/6222742
7,田知本 現役続行報道に困惑,http://news.yahoo.co.jp/pickup/6222752,Thu\, 01 Dec 2016 15:56:15 +0900,yahoo/news/topics/6222752
8,JRスキーCM今年は桜井日奈子,http://news.yahoo.co.jp/pickup/6222738,Thu\, 01 Dec 2016 14:26:16 +0900,yahoo/news/topics/6222738
9,カジノ法案 民進は反対へ,http://news.yahoo.co.jp/pickup/6222725,Thu\, 01 Dec 2016 12:49:33 +0900,yahoo/news/topics/6222725
10,普天間騒音訴訟 国に賠償命令,http://news.yahoo.co.jp/pickup/6222747,Thu\, 01 Dec 2016 15:04:15 +0900,yahoo/news/topics/6222747
11,警察の通信傍受 対象犯罪拡大,http://news.yahoo.co.jp/pickup/6222711,Thu\, 01 Dec 2016 11:17:40 +0900,yahoo/news/topics/6222711
12,全ての薬価毎年改定 政府調整,http://news.yahoo.co.jp/pickup/6222715,Thu\, 01 Dec 2016 11:32:36 +0900,yahoo/news/topics/6222715
13,陛下 退位の恒久制を望む考え,http://news.yahoo.co.jp/pickup/6222695,Thu\, 01 Dec 2016 08:33:56 +0900,yahoo/news/topics/6222695
14,五輪バレー会場 横浜市難色か,http://news.yahoo.co.jp/pickup/6222687,Thu\, 01 Dec 2016 06:42:20 +0900,yahoo/news/topics/6222687
15,視覚障害者 駅員が原則介助へ,http://news.yahoo.co.jp/pickup/6222691,Thu\, 01 Dec 2016 07:45:19 +0900,yahoo/news/topics/6222691
16,無形文化遺産 各地で喜びの声,http://news.yahoo.co.jp/pickup/6222746,Thu\, 01 Dec 2016 14:55:44 +0900,yahoo/news/topics/6222746
17,モスルの水不足 IS妨害で深刻,http://news.yahoo.co.jp/pickup/6222750,Thu\, 01 Dec 2016 15:22:08 +0900,yahoo/news/topics/6222750
18,コロンビア 52年の内戦に幕,http://news.yahoo.co.jp/pickup/6222741,Thu\, 01 Dec 2016 14:35:36 +0900,yahoo/news/topics/6222741
19,朴氏の弾劾案 9日可決の流れ,http://news.yahoo.co.jp/pickup/6222719,Thu\, 01 Dec 2016 11:51:21 +0900,yahoo/news/topics/6222719
20,EU防衛計画 6千億円基金設立,http://news.yahoo.co.jp/pickup/6222720,Thu\, 01 Dec 2016 11:57:38 +0900,yahoo/news/topics/6222720
21,北に制裁決議 石炭輸出に上限,http://news.yahoo.co.jp/pickup/6222670,Wed\, 30 Nov 2016 23:58:12 +0900,yahoo/news/topics/6222670
22,南米墜落「故障」操縦士叫ぶ?,http://news.yahoo.co.jp/pickup/6222706,Thu\, 01 Dec 2016 09:58:09 +0900,yahoo/news/topics/6222706
23,トランプ氏 事業から撤退宣言,http://news.yahoo.co.jp/pickup/6222681,Thu\, 01 Dec 2016 04:15:57 +0900,yahoo/news/topics/6222681
24,ビッグマック生みの親が死去,http://news.yahoo.co.jp/pickup/6222700,Thu\, 01 Dec 2016 08:57:55 +0900,yahoo/news/topics/6222700
25,終値は204円高 今年の最高値,http://news.yahoo.co.jp/pickup/6222751,Thu\, 01 Dec 2016 15:20:15 +0900,yahoo/news/topics/6222751
26,原油減産 狙いは価格押し上げ,http://news.yahoo.co.jp/pickup/6222743,Thu\, 01 Dec 2016 15:40:45 +0900,yahoo/news/topics/6222743
27,アクセラ 自動ブレーキ最高点,http://news.yahoo.co.jp/pickup/6222753,Thu\, 01 Dec 2016 15:25:48 +0900,yahoo/news/topics/6222753
28,損保ジャパン 保険料を過徴収,http://news.yahoo.co.jp/pickup/6222734,Thu\, 01 Dec 2016 13:35:49 +0900,yahoo/news/topics/6222734
29,米たばこ大手 将来販売撤退も,http://news.yahoo.co.jp/pickup/6222728,Thu\, 01 Dec 2016 12:44:21 +0900,yahoo/news/topics/6222728
30,千葉パルコ 従業員が見た最後,http://news.yahoo.co.jp/pickup/6222735,Thu\, 01 Dec 2016 14:11:57 +0900,yahoo/news/topics/6222735
31,インターン「5日以上」撤廃へ,http://news.yahoo.co.jp/pickup/6222730,Thu\, 01 Dec 2016 12:59:37 +0900,yahoo/news/topics/6222730
32,ベンツ なぜ特製ラーメン販売,http://news.yahoo.co.jp/pickup/6222708,Thu\, 01 Dec 2016 10:02:59 +0900,yahoo/news/topics/6222708
33,JRスキーCM今年は桜井日奈子,http://news.yahoo.co.jp/pickup/6222738,Thu\, 01 Dec 2016 14:21:05 +0900,yahoo/news/topics/6222738
34,後藤真希 ふっくらお腹を披露,http://news.yahoo.co.jp/pickup/6222727,Thu\, 01 Dec 2016 12:37:33 +0900,yahoo/news/topics/6222727
35,クワオハ小原 第2子を出産,http://news.yahoo.co.jp/pickup/6222723,Thu\, 01 Dec 2016 12:17:28 +0900,yahoo/news/topics/6222723
36,ドクターX脚本 なぜ時事ネタ,http://news.yahoo.co.jp/pickup/6222709,Thu\, 01 Dec 2016 10:45:00 +0900,yahoo/news/topics/6222709
37,清史郎 海老蔵助言で迷い断つ,http://news.yahoo.co.jp/pickup/6222701,Thu\, 01 Dec 2016 09:15:16 +0900,yahoo/news/topics/6222701
38,吉高由里子 初の殺人者役,http://news.yahoo.co.jp/pickup/6222692,Thu\, 01 Dec 2016 07:49:57 +0900,yahoo/news/topics/6222692
39,フレンドパーク 6年ぶり復活,http://news.yahoo.co.jp/pickup/6222685,Thu\, 01 Dec 2016 06:17:46 +0900,yahoo/news/topics/6222685
40,堺雅人 真田丸終えて「安堵」,http://news.yahoo.co.jp/pickup/6222684,Thu\, 01 Dec 2016 05:44:13 +0900,yahoo/news/topics/6222684
41,田知本 現役続行報道に困惑,http://news.yahoo.co.jp/pickup/6222752,Thu\, 01 Dec 2016 15:25:52 +0900,yahoo/news/topics/6222752
42,羽生を刺激 米の若きライバル,http://news.yahoo.co.jp/pickup/6222744,Thu\, 01 Dec 2016 14:55:15 +0900,yahoo/news/topics/6222744
43,巨人がDeNA山口との契約合意,http://news.yahoo.co.jp/pickup/6222742,Thu\, 01 Dec 2016 14:36:37 +0900,yahoo/news/topics/6222742
44,バド奥原 右肩痛で涙の棄権,http://news.yahoo.co.jp/pickup/6222737,Thu\, 01 Dec 2016 14:12:14 +0900,yahoo/news/topics/6222737
45,G村田8000万円ダウン「納得」,http://news.yahoo.co.jp/pickup/6222731,Thu\, 01 Dec 2016 13:09:16 +0900,yahoo/news/topics/6222731
46,筒香3億円更改に「感謝です」,http://news.yahoo.co.jp/pickup/6222721,Thu\, 01 Dec 2016 12:04:05 +0900,yahoo/news/topics/6222721
47,ジダン氏長男 公式戦で初得点,http://news.yahoo.co.jp/pickup/6222710,Thu\, 01 Dec 2016 10:53:38 +0900,yahoo/news/topics/6222710
48,移籍決断の森福 杉内への思い,http://news.yahoo.co.jp/pickup/6222707,Thu\, 01 Dec 2016 09:52:31 +0900,yahoo/news/topics/6222707
49,WiiUが高騰 小売価格7割高も,http://news.yahoo.co.jp/pickup/6222724,Thu\, 01 Dec 2016 12:35:05 +0900,yahoo/news/topics/6222724
50,社名もほぼ日に 糸井重里氏,http://news.yahoo.co.jp/pickup/6222729,Thu\, 01 Dec 2016 12:46:21 +0900,yahoo/news/topics/6222729
51,61歳着物で踊る24KMagic話題,http://news.yahoo.co.jp/pickup/6222697,Thu\, 01 Dec 2016 08:39:35 +0900,yahoo/news/topics/6222697
52,医療サイトWELQ 都も問題視,http://news.yahoo.co.jp/pickup/6222618,Wed\, 30 Nov 2016 13:58:06 +0900,yahoo/news/topics/6222618
53,通販「偽サイト」を自動判別,http://news.yahoo.co.jp/pickup/6222583,Wed\, 30 Nov 2016 09:03:41 +0900,yahoo/news/topics/6222583
54,Facebook ゲーム機能を追加,http://news.yahoo.co.jp/pickup/6222581,Wed\, 30 Nov 2016 08:53:40 +0900,yahoo/news/topics/6222581
55,井山六冠、来春AIと対局へ,http://news.yahoo.co.jp/pickup/6222532,Tue\, 29 Nov 2016 19:39:52 +0900,yahoo/news/topics/6222532
56,話題の人権ポスター どう制作,http://news.yahoo.co.jp/pickup/6222530,Tue\, 29 Nov 2016 19:23:57 +0900,yahoo/news/topics/6222530
57,チョコ 砂糖4割減の製法発見,http://news.yahoo.co.jp/pickup/6222748,Thu\, 01 Dec 2016 15:13:44 +0900,yahoo/news/topics/6222748
58,ニホニウム決定 教授が喜び,http://news.yahoo.co.jp/pickup/6222736,Thu\, 01 Dec 2016 13:57:04 +0900,yahoo/news/topics/6222736
59,新元素名 ニホニウムに決定,http://news.yahoo.co.jp/pickup/6222639,Wed\, 30 Nov 2016 17:25:01 +0900,yahoo/news/topics/6222639
60,3人親の子 健康のカギ研究,http://news.yahoo.co.jp/pickup/6222739,Thu\, 01 Dec 2016 14:16:55 +0900,yahoo/news/topics/6222739
61,熟睡すると嫌な記憶強化?研究,http://news.yahoo.co.jp/pickup/6222617,Wed\, 30 Nov 2016 13:24:49 +0900,yahoo/news/topics/6222617
62,HIV感染 欧州7人に1人無自覚,http://news.yahoo.co.jp/pickup/6222540,Tue\, 29 Nov 2016 21:10:48 +0900,yahoo/news/topics/6222540
63,室内飼いのペット 心の病に?,http://news.yahoo.co.jp/pickup/6222475,Tue\, 29 Nov 2016 13:35:25 +0900,yahoo/news/topics/6222475
64,妊婦インフルと自閉症 無関係,http://news.yahoo.co.jp/pickup/6222472,Tue\, 29 Nov 2016 13:34:52 +0900,yahoo/news/topics/6222472
65,性的虐待 娘の嘆願を地裁却下,http://news.yahoo.co.jp/pickup/6222718,Thu\, 01 Dec 2016 11:47:30 +0900,yahoo/news/topics/6222718
66,拉致疑いの男性 国内で発見,http://news.yahoo.co.jp/pickup/6222717,Thu\, 01 Dec 2016 11:44:23 +0900,yahoo/news/topics/6222717
67,実物大ガンダム 来年3月撤去,http://news.yahoo.co.jp/pickup/6222745,Thu\, 01 Dec 2016 15:23:59 +0900,yahoo/news/topics/6222745
68,事故受け免許返納が増加 福岡,http://news.yahoo.co.jp/pickup/6222732,Thu\, 01 Dec 2016 13:30:57 +0900,yahoo/news/topics/6222732
69,博多陥没 補償など相談307件,http://news.yahoo.co.jp/pickup/6222713,Thu\, 01 Dec 2016 11:29:03 +0900,yahoo/news/topics/6222713
70,北日本・北陸 暴風大雪に警戒,http://news.yahoo.co.jp/pickup/6222699,Thu\, 01 Dec 2016 08:57:26 +0900,yahoo/news/topics/6222699
71,山に人骨 真相解明に時間の壁,http://news.yahoo.co.jp/pickup/6222696,Thu\, 01 Dec 2016 08:21:38 +0900,yahoo/news/topics/6222696
72,阪神Vで単位 学生に賠償命令,http://news.yahoo.co.jp/pickup/6222689,Thu\, 01 Dec 2016 07:13:34 +0900,yahoo/news/topics/6222689
